id,bid,正文,头条文章url,原始图片url,视频url,位置,日期,工具,点赞数,评论数,转发数,话题,@用户,是否原创,源用户id,源用户昵称,源微博id,源微博bid,源微博正文,源微博头条文章url,源微博原始图片url,源微博视频url,源微博位置,源微博日期,源微博工具,源微博点赞数,源微博评论数,源微博转发数,源微博话题,源微博@用户
4504950695084389,J24MZlkGh,#与田祐希# #与田祐希手机博#日期: 2020年5月15日 GMT+9 20:57:46主题: 無題想着今天好热啊〜打开了空调几分钟后好冷好冷！！！关掉了又变的好热…一直不断循环我在干什么啊…OO房间里的空调会开多少度呢？？转眼已经到夏天了(@_@)翻译：ziv ,,https://wx4.sinaimg.cn/large/0088kOBzly1getfh4nv89j30de0hst9v.jpg,,,2020-05-15,与田祐希超话,89,4,36,"与田祐希,与田祐希手机博",_,True
4504649324834938,J1WWUkhMS,与田祐希超话# 与田祐希#乃木恋 活动卡片 ,,"https://wx2.sinaimg.cn/large/0088kOBzly1gesgxlszn1j30hs0nqgnt.jpg,https://wx4.sinaimg.cn/large/0088kOBzly1gesgxlt56yj30hs0nq40n.jpg,https://wx2.sinaimg.cn/large/0088kOBzly1gesgxlwpjrj30ge0m8aiv.jpg",,,2020-05-15,与田祐希超话,42,3,16, 与田祐希,,True
4504533679850236,J1TWnFkuM,#与田祐希# #与田祐希手机博#日期: 2020年5月14日 GMT+9 16:56:17主题: 無題为了换个心情自己做了美甲〜因为手抖花了好久时间笑OO最近有改变什么吗？ ,,https://wx2.sinaimg.cn/large/0088kOBzgy1ges3neupl4j30hs0fxaax.jpg,,,2020-05-14,与田祐希超话,41,0,14,"与田祐希,与田祐希手机博",,True
4504228036353615,J1LZpqERF,#与田祐希# #与田祐希手机博# 日期: 2020年5月13日 GMT+9 21:36:43主题: 無題做了土豆炖肉哦ー！！！但是不小心吃完了怎么忘拍了呢放张几个月前的照片吧喜欢马肉(￣▽￣)翻译 ：ziv ,,https://wx2.sinaimg.cn/large/0088kOBzgy1ger3x6trj5j30qo0f0abd.jpg,,,2020-05-13,与田祐希超话,64,3,18,"与田祐希,与田祐希手机博",,True
4503837601859695,J1BPG7NN5,#与田祐希# #与田祐希手机博# 日期: 2020年5月12日 GMT+9 20:01:27主题: 無題﻿明明是九州人却发现自己不胜酒力。。睡了好久。。要小心了…(@_@)翻译 ：kei ,,,,,2020-05-12,与田祐希超话,56,6,17,"与田祐希,与田祐希手机博",_,True
4503492586813605,J1sRcsAwR,itガール達のヘアアレンジを紹介﻿﻿#乃木坂46 の #与田祐希ちゃんのアレンジは、ゆるゆるおだんごヘア﻿﻿スワイプしてHOW TOをチェックしてね﻿﻿#bis_web #与田祐希 #与田ちゃん #よだちゃん #乃木坂46 #乃木坂 #アビーウォーシュ #ジェニーファックス #em #簡単ヘアアレンジ #簡単アレンジ #ヘアアレンジ #ヘアスタイル #お団子ヘア #お団子アレンジ #お団子2 分钟,,"https://wx2.sinaimg.cn/large/0088kOBzgy1geornmlv89j30p00p0tan.jpg,https://wx1.sinaimg.cn/large/0088kOBzgy1geornmmzjdj30p00p0ta5.jpg,https://wx3.sinaimg.cn/large/0088kOBzgy1geornmqexrj30p00p00ur.jpg",,,2020-05-11,与田祐希超话,25,0,5,"乃木坂46 の ,bis_web ,与田ちゃん ,乃木坂46 ,アビーウォーシュ ,em ,簡単アレンジ ,ヘアスタイル ,お団子アレンジ ",,True
4503130890603694,J1jrP2x30,#与田祐希# 发件人: nogizaka46-yuuki_yoda@m.nogizaka46.com日期: 2020年5月10日 GMT+9 20:52:11主题: 無題高压锅终于到啦！！！明天做点啥吧～～晚安翻译 ：cjx ,,https://wx4.sinaimg.cn/large/0088kOBzgy1genmjmlo16j30dc0hsdgj.jpg,,,2020-05-10,与田祐希超话,63,7,15,与田祐希,m,True
4502794859802324,J1aHPF820,发布了头条文章：《FINEBOYS 2020年6月号》  FINEBOYS 2020年6月号 ,http://t.cn/A6ATjNnt,,,,2020-05-09,与田祐希超话,45,1,16,,,True
4502767714237333,J1a03hMk5,#与田祐希# FINEBOYS 2020年6月号图源 ：D ,,"https://wx3.sinaimg.cn/large/0088kOBzgy1gemgu0u9clj30u016fgps.jpg,https://wx1.sinaimg.cn/large/0088kOBzgy1gemgu0we8gj30u016fjx1.jpg",,,2020-05-09,与田祐希超话,60,4,15,与田祐希,,True
4502641121725122,J16HS7eMy,与田祐希超话 #与田祐希# 发件人: nogizaka46-yuuki_yoda@m.nogizaka46.com日期: 2020年5月9日 GMT+9 12:41:14主题: 無題昨天在家一直用钻头和锯齿把架子装好了拆拆完又装。睡眠不足。今天也要继续干！来拆家吧！（只是改下外观）翻译：cjx ,,https://wx2.sinaimg.cn/large/0088kOBzgy1gem2afiy5yj30qo0zkadt.jpg,,,2020-05-09,微博 weibo.com,87,3,39,与田祐希,m,True
4502078654147886,J0S4Fhp3o,#转发抽奖#微博的各位朋友大家好，这里是与田祐希字幕组yodachannel的新微博。原微博账号@YodaChannel 由于组长个人原因不再使用并将注销，请喜欢与田的朋友移步至此，和yodachannel一起继续支持与田祐希♡同时欢迎各字幕组合作交流。在这里你可以：①及时获取yoda的各种动向，杂志、live、影视、美照……应有尽有！②参与花篮、海报等应援的jz，在live、握手会、生诞时尽数人之力给yoda一份惊喜。③加入字幕组（翻译、打轴、校对、美工等附要求）最后感谢大家的关注，在转发的粉丝中抽10本yoda全新写真集+5个55元的现金红包【由于疫情原因写真集将在晚些时候邮政恢复后寄回国内才能发货，请中奖的幸运儿耐心等待一下】,,"https://wx3.sinaimg.cn/large/0088kOBzgy1gek9nfkklaj30u014276r.jpg,https://wx4.sinaimg.cn/large/0088kOBzgy1gek9jaxa67j30u011eqlh.jpg,https://wx4.sinaimg.cn/large/0088kOBzgy1gek9hdimthj30u01hqhdv.jpg",,,2020-05-07,微博 weibo.com,167,40,844,转发抽奖,YodaChannel,True
